Ana,Fernández,35,Sevilla,ana.fernandez@example.com
Luis,Gómez,42,Madrid,luis.gomez@example.com
María,López,28,Barcelona,maria.lopez@example.com
Juan,Pérez,31,Valencia,juan.perez@example.com
Sara,Martín,22,Bilbao,sara.martin@example.com
Carlos,Sánchez,39,Málaga,carlos.sanchez@example.com
Laura,Romero,26,Zaragoza,laura.romero@example.com
Beatriz,García,30,Salamanca,beatriz.garcia@example.com
José,Torres,50,Alicante,jose.torres@example.com
Pedro,Hernández,33,Granada,pedro.hernandez@example.com
Marta,Vázquez,29,Córdoba,marta.vazquez@example.com
Diego,Cruz,41,La Coruña,diego.cruz@example.com
Elena,Moreno,27,Tenerife,elena.moreno@example.com
David,Castro,36,Oviedo,david.castro@example.com
Cristina,Silva,38,Santander,cristina.silva@example.com
Alberto,Núñez,24,Logroño,alberto.nunez@example.com
Natalia,Méndez,32,Almería,natalia.mendez@example.com
Sergio,Reyes,37,Toledo,sergio.reyes@example.com
Vanessa,Rivas,26,Burgos,vanessa.rivas@example.com
