film_id;title;description;release_year;language_id;length;rating
1;ACADEMY DINOSAUR;A Epic Drama of a Feminist And a Mad Scientist who must Battle a Teacher in The Canadian Rockies;2006;1;86;PG
2;ACE GOLDFINGER;A Astounding Epistle of a Database Administrator And a Explorer who must Find a Car in Ancient China;2006;1;48;G
3;ADAPTATION HOLES;A Astounding Reflection of a Lumberjack And a Car who must Sink a Lumberjack in A Baloon Factory;2006;1;50;NC-17
7;AIRPLANE SIERRA;A Touching Saga of a Hunter And a Butler who must Discover a Butler in A Jet Boat;2006;1;62;PG-13
8;AIRPORT POLLOCK;A Epic Tale of a Moose And a Girl who must Confront a Monkey in Ancient India;2006;1;54;R
10;ALADDIN CALENDAR;A Action-Packed Tale of a Man And a Lumberjack who must Reach a Feminist in Ancient China;2006;1;63;NC-17
14;ALICE FANTASIA;A Emotional Drama of a A Shark And a Database Administrator who must Vanquish a Pioneer in Soviet Georgia;2006;1;94;NC-17
15;ALIEN CENTER;A Brilliant Drama of a Cat And a Mad Scientist who must Battle a Feminist in A MySQL Convention;2006;1;46;NC-17
17;ALONE TRIP;A Fast-Paced Character Study of a Composer And a Dog who must Outgun a Boat in An Abandoned Fun House;2006;1;82;R
18;ALTER VICTORY;A Thoughtful Drama of a Composer And a Feminist who must Meet a Secret Agent in The Canadian Rockies;2006;1;57;PG-13
20;AMELIE HELLFIGHTERS;A Boring Drama of a Woman And a Squirrel who must Conquer a Student in A Baloon;2006;1;79;R
22;AMISTAD MIDSUMMER;A Emotional Character Study of a Dentist And a Crocodile who must Meet a Sumo Wrestler in California;2006;1;85;G
23;ANACONDA CONFESSIONS;A Lacklusture Display of a Dentist And a Dentist who must Fight a Girl in Australia;2006;1;92;R
25;ANGELS LIFE;A Thoughtful Display of a Woman And a Astronaut who must Battle a Robot in Berlin;2006;1;74;G
26;ANNIE IDENTITY;A Amazing Panorama of a Pastry Chef And a Boat who must Escape a Woman in An Abandoned Amusement Park;2006;1;86;G
28;ANTHEM LUKE;A Touching Panorama of a Waitress And a Woman who must Outrace a Dog in An Abandoned Amusement Park;2006;1;91;PG-13
30;ANYTHING SAVANNAH;A Epic Story of a Pastry Chef And a Woman who must Chase a Feminist in An Abandoned Fun House;2006;1;82;R
31;APACHE DIVINE;A Awe-Inspiring Reflection of a Pastry Chef And a Teacher who must Overcome a Sumo Wrestler in A U-Boat;2006;1;92;NC-17
34;ARABIA DOGMA;A Touching Epistle of a Madman And a Mad Cow who must Defeat a Student in Nigeria;2006;1;62;NC-17
38;ARK RIDGEMONT;A Beautiful Yarn of a Pioneer And a Monkey who must Pursue a Explorer in The Sahara Desert;2006;1;68;NC-17
39;ARMAGEDDON LOST;A Fast-Paced Tale of a Boat And a Teacher who must Succumb a Composer in An Abandoned Mine Shaft;2006;1;99;G
45;ATTRACTION NEWTON;A Astounding Panorama of a Composer And a Frisbee who must Reach a Husband in Ancient Japan;2006;1;83;PG-13
51;BALLOON HOMEWARD;A Insightful Panorama of a Forensic Psychologist And a Mad Cow who must Build a Mad Scientist in The First Manned Space Station;2006;1;75;NC-17
53;BANG KWAI;A Epic Drama of a Madman And a Cat who must Face a A Shark in An Abandoned Amusement Park;2006;1;87;NC-17
55;BARBARELLA STREETCAR;A Awe-Inspiring Story of a Feminist And a Cat who must Conquer a Dog in A Monastery;2006;1;65;G
57;BASIC EASY;A Stunning Epistle of a Man And a Husband who must Reach a Mad Scientist in A Jet Boat;2006;1;90;PG-13
60;BEAST HUNCHBACK;A Awe-Inspiring Epistle of a Student And a Squirrel who must Defeat a Boy in Ancient China;2006;1;89;R
63;BEDAZZLED MARRIED;A Astounding Character Study of a Madman And a Robot who must Meet a Mad Scientist in An Abandoned Fun House;2006;1;73;PG
66;BENEATH RUSH;A Astounding Panorama of a Man And a Monkey who must Discover a Man in The First Manned Space Station;2006;1;53;NC-17
67;BERETS AGENT;A Taut Saga of a Crocodile And a Boy who must Overcome a Technical Writer in Ancient China;2006;1;77;PG-13
69;BEVERLY OUTLAW;A Fanciful Documentary of a Womanizer And a Boat who must Defeat a Madman in The First Manned Space Station;2006;1;85;R
72;BILL OTHERS;A Stunning Saga of a Mad Scientist And a Forensic Psychologist who must Challenge a Squirrel in A MySQL Convention;2006;1;93;PG
77;BIRDS PERDITION;A Boring Story of a Womanizer And a Pioneer who must Face a Dog in California;2006;1;61;G
78;BLACKOUT PRIVATE;A Intrepid Yarn of a Pastry Chef And a Mad Scientist who must Challenge a Secret Agent in Ancient Japan;2006;1;85;PG
82;BLOOD ARGONAUTS;A Boring Drama of a Explorer And a Man who must Kill a Lumberjack in A Manhattan Penthouse;2006;1;71;G
83;BLUES INSTINCT;A Insightful Documentary of a Boat And a Composer who must Meet a Forensic Psychologist in An Abandoned Fun House;2006;1;50;G
85;BONNIE HOLOCAUST;A Fast-Paced Story of a Crocodile And a Robot who must Find a Moose in Ancient Japan;2006;1;63;G
87;BOONDOCK BALLROOM;A Fateful Panorama of a Crocodile And a Boy who must Defeat a Monkey in The Gulf of Mexico;2006;1;76;NC-17
89;BORROWERS BEDAZZLED;A Brilliant Epistle of a Teacher And a Sumo Wrestler who must Defeat a Man in An Abandoned Fun House;2006;1;63;G
90;BOULEVARD MOB;A Fateful Epistle of a Moose And a Monkey who must Confront a Lumberjack in Ancient China;2006;1;63;R
91;BOUND CHEAPER;A Thrilling Panorama of a Database Administrator And a Astronaut who must Challenge a Lumberjack in A Baloon;2006;1;98;PG
92;BOWFINGER GABLES;A Fast-Paced Yarn of a Waitress And a Composer who must Outgun a Dentist in California;2006;1;72;NC-17
97;BRIDE INTRIGUE;A Epic Tale of a Robot And a Monkey who must Vanquish a Man in New Orleans;2006;1;56;G
98;BRIGHT ENCOUNTERS;A Fateful Yarn of a Lumberjack And a Feminist who must Conquer a Student in A Jet Boat;2006;1;73;PG-13
101;BROTHERHOOD BLANKET;A Fateful Character Study of a Butler And a Technical Writer who must Sink a Astronaut in Ancient Japan;2006;1;73;R
102;BUBBLE GROSSE;A Awe-Inspiring Panorama of a Crocodile And a Moose who must Confront a Girl in A Baloon;2006;1;60;R
106;BULWORTH COMMANDMENTS;A Amazing Display of a Mad Cow And a Pioneer who must Redeem a Sumo Wrestler in The Outback;2006;1;61;G
107;BUNCH MINDS;A Emotional Story of a Feminist And a Feminist who must Escape a Pastry Chef in A MySQL Convention;2006;1;63;G
108;BUTCH PANTHER;A Lacklusture Yarn of a Feminist And a Database Administrator who must Face a Hunter in New Orleans;2006;1;67;PG-13
109;BUTTERFLY CHOCOLAT;A Fateful Story of a Girl And a Composer who must Conquer a Husband in A Shark Tank;2006;1;89;G
110;CABIN FLASH;A Stunning Epistle of a Boat And a Man who must Challenge a A Shark in A Baloon Factory;2006;1;53;NC-17
111;CADDYSHACK JEDI;A Awe-Inspiring Epistle of a Woman And a Madman who must Fight a Robot in Soviet Georgia;2006;1;52;NC-17
113;CALIFORNIA BIRDS;A Thrilling Yarn of a Database Administrator And a Robot who must Battle a Database Administrator in Ancient India;2006;1;75;NC-17
114;CAMELOT VACATION;A Touching Character Study of a Woman And a Waitress who must Battle a Pastry Chef in A MySQL Convention;2006;1;61;NC-17
116;CANDIDATE PERDITION;A Brilliant Epistle of a Composer And a Database Administrator who must Vanquish a Mad Scientist in The First Manned Space Station;2006;1;70;R
118;CANYON STOCK;A Thoughtful Reflection of a Waitress And a Feminist who must Escape a Squirrel in A Manhattan Penthouse;2006;1;85;R
120;CARIBBEAN LIBERTY;A Fanciful Tale of a Pioneer And a Technical Writer who must Outgun a Pioneer in A Shark Tank;2006;1;92;NC-17
123;CASABLANCA SUPER;A Amazing Panorama of a Crocodile And a Forensic Psychologist who must Pursue a Secret Agent in The First Manned Space Station;2006;1;85;G
125;CASSIDY WYOMING;A Intrepid Drama of a Frisbee And a Hunter who must Kill a Secret Agent in New Orleans;2006;1;61;NC-17
134;CHAMPION FLATLINERS;A Amazing Story of a Mad Cow And a Dog who must Kill a Husband in A Monastery;2006;1;51;PG
135;CHANCE RESURRECTION;A Astounding Story of a Forensic Psychologist And a Forensic Psychologist who must Overcome a Moose in Ancient China;2006;1;70;R
137;CHARADE DUFFEL;A Action-Packed Display of a Man And a Waitress who must Build a Dog in A MySQL Convention;2006;1;66;PG
138;CHARIOTS CONSPIRACY;A Unbelieveable Epistle of a Robot And a Husband who must Chase a Robot in The First Manned Space Station;2006;1;71;R
140;CHEAPER CLYDE;A Emotional Character Study of a Pioneer And a Girl who must Discover a Dog in Ancient Japan;2006;1;87;G
144;CHINATOWN GLADIATOR;A Brilliant Panorama of a Technical Writer And a Lumberjack who must Escape a Butler in Ancient India;2006;1;61;PG
152;CIRCUS YOUTH;A Thoughtful Drama of a Pastry Chef And a Dentist who must Pursue a Girl in A Baloon;2006;1;90;PG-13
154;CLASH FREDDY;A Amazing Yarn of a Composer And a Squirrel who must Escape a Astronaut in Australia;2006;1;81;G
159;CLOSER BANG;A Unbelieveable Panorama of a Frisbee And a Hunter who must Vanquish a Monkey in Ancient India;2006;1;58;R
160;CLUB GRAFFITI;A Epic Tale of a Pioneer And a Hunter who must Escape a Girl in A U-Boat;2006;1;65;PG-13
161;CLUE GRAIL;A Taut Tale of a Butler And a Mad Scientist who must Build a Crocodile in Ancient China;2006;1;70;NC-17
162;CLUELESS BUCKET;A Taut Tale of a Car And a Pioneer who must Conquer a Sumo Wrestler in An Abandoned Fun House;2006;1;95;R
164;COAST RAINBOW;A Astounding Documentary of a Mad Cow And a Pioneer who must Challenge a Butler in The Sahara Desert;2006;1;55;PG
165;COLDBLOODED DARLING;A Brilliant Panorama of a Dentist And a Moose who must Find a Student in The Gulf of Mexico;2006;1;70;G
168;COMANCHEROS ENEMY;A Boring Saga of a Lumberjack And a Monkey who must Find a Monkey in The Gulf of Mexico;2006;1;67;R
169;COMFORTS RUSH;A Unbelieveable Panorama of a Pioneer And a Husband who must Meet a Mad Cow in An Abandoned Mine Shaft;2006;1;76;NC-17
171;COMMANDMENTS EXPRESS;A Fanciful Saga of a Student And a Mad Scientist who must Battle a Hunter in An Abandoned Mine Shaft;2006;1;59;R
173;CONFESSIONS MAGUIRE;A Insightful Story of a Car And a Boy who must Battle a Technical Writer in A Baloon;2006;1;65;PG-13
176;CONGENIALITY QUEST;A Touching Documentary of a Cat And a Pastry Chef who must Find a Lumberjack in A Baloon;2006;1;87;PG-13
184;CORE SUIT;A Unbelieveable Tale of a Car And a Explorer who must Confront a Boat in A Manhattan Penthouse;2006;1;92;PG-13
186;CRAFT OUTFIELD;A Lacklusture Display of a Explorer And a Hunter who must Succumb a Database Administrator in A Baloon Factory;2006;1;64;NC-17
187;CRANES RESERVOIR;A Fanciful Documentary of a Teacher And a Dog who must Outgun a Forensic Psychologist in A Baloon Factory;2006;1;57;NC-17
192;CROSSING DIVORCE;A Beautiful Documentary of a Dog And a Robot who must Redeem a Womanizer in Berlin;2006;1;50;R
196;CRUELTY UNFORGIVEN;A Brilliant Tale of a Car And a Moose who must Battle a Dentist in Nigeria;2006;1;69;G
199;CUPBOARD SINNERS;A Emotional Reflection of a Frisbee And a Boat who must Reach a Pastry Chef in An Abandoned Amusement Park;2006;1;56;R
203;DAISY MENAGERIE;A Fast-Paced Saga of a Pastry Chef And a Monkey who must Sink a Composer in Ancient India;2006;1;84;G
205;DANCES NONE;A Insightful Reflection of a A Shark And a Dog who must Kill a Butler in An Abandoned Amusement Park;2006;1;58;NC-17
208;DARES PLUTO;A Fateful Story of a Robot And a Dentist who must Defeat a Astronaut in New Orleans;2006;1;89;PG-13
209;DARKNESS WAR;A Touching Documentary of a Husband And a Hunter who must Escape a Boy in The Sahara Desert;2006;1;99;NC-17
214;DAUGHTER MADIGAN;A Beautiful Tale of a Hunter And a Mad Scientist who must Confront a Squirrel in The First Manned Space Station;2006;1;59;PG-13
215;DAWN POND;A Thoughtful Documentary of a Dentist And a Forensic Psychologist who must Defeat a Waitress in Berlin;2006;1;57;PG
219;DEEP CRUSADE;A Amazing Tale of a Crocodile And a Squirrel who must Discover a Composer in Australia;2006;1;51;PG-13
222;DESERT POSEIDON;A Brilliant Documentary of a Butler And a Frisbee who must Build a Astronaut in New Orleans;2006;1;64;R
223;DESIRE ALIEN;A Fast-Paced Tale of a Dog And a Forensic Psychologist who must Meet a Astronaut in The First Manned Space Station;2006;1;76;NC-17
224;DESPERATE TRAINSPOTTING;A Epic Yarn of a Forensic Psychologist And a Teacher who must Face a Lumberjack in California;2006;1;81;G
225;DESTINATION JERK;A Beautiful Yarn of a Teacher And a Cat who must Build a Car in A U-Boat;2006;1;76;PG-13
226;DESTINY SATURDAY;A Touching Drama of a Crocodile And a Crocodile who must Conquer a Explorer in Soviet Georgia;2006;1;56;G
227;DETAILS PACKER;A Epic Saga of a Waitress And a Composer who must Face a Boat in A U-Boat;2006;1;88;R
229;DEVIL DESIRE;A Beautiful Reflection of a Monkey And a Dentist who must Face a Database Administrator in Ancient Japan;2006;1;87;R
231;DINOSAUR SECRETARY;A Action-Packed Drama of a Feminist And a Girl who must Reach a Robot in The Canadian Rockies;2006;1;63;R
234;DISTURBING SCARFACE;A Lacklusture Display of a Crocodile And a Butler who must Overcome a Monkey in A U-Boat;2006;1;94;R
235;DIVIDE MONSTER;A Intrepid Saga of a Man And a Forensic Psychologist who must Reach a Squirrel in A Monastery;2006;1;68;PG-13
237;DIVORCE SHINING;A Unbelieveable Saga of a Crocodile And a Student who must Discover a Cat in Ancient India;2006;1;47;G
238;DOCTOR GRAIL;A Insightful Drama of a Womanizer And a Waitress who must Reach a Forensic Psychologist in The Outback;2006;1;57;G
242;DOOM DANCING;A Astounding Panorama of a Car And a Mad Scientist who must Battle a Lumberjack in A MySQL Convention;2006;1;68;R
243;DOORS PRESIDENT;A Awe-Inspiring Display of a Squirrel And a Woman who must Overcome a Boy in The Gulf of Mexico;2006;1;49;NC-17
247;DOWNHILL ENOUGH;A Emotional Tale of a Pastry Chef And a Forensic Psychologist who must Succumb a Monkey in The Sahara Desert;2006;1;47;G
253;DRIFTER COMMANDMENTS;A Epic Reflection of a Womanizer And a Squirrel who must Discover a Husband in A Jet Boat;2006;1;61;PG-13
258;DRUMS DYNAMITE;A Epic Display of a Crocodile And a Crocodile who must Confront a Dog in An Abandoned Amusement Park;2006;1;96;PG
268;EARLY HOME;A Amazing Panorama of a Mad Scientist And a Husband who must Meet a Woman in The Outback;2006;1;96;NC-17
269;EARRING INSTINCT;A Stunning Character Study of a Dentist And a Mad Cow who must Find a Teacher in Nigeria;2006;1;98;R
270;EARTH VISION;A Stunning Drama of a Butler And a Madman who must Outrace a Womanizer in Ancient India;2006;1;85;NC-17
274;EGG IGBY;A Beautiful Documentary of a Boat And a Sumo Wrestler who must Succumb a Database Administrator in The First Manned Space Station;2006;1;67;PG
275;EGYPT TENENBAUMS;A Intrepid Story of a Madman And a Secret Agent who must Outrace a Astronaut in An Abandoned Amusement Park;2006;1;85;PG
282;ENCOUNTERS CURTAIN;A Insightful Epistle of a Pastry Chef And a Womanizer who must Build a Boat in New Orleans;2006;1;92;NC-17
283;ENDING CROWDS;A Unbelieveable Display of a Dentist And a Madman who must Vanquish a Squirrel in Berlin;2006;1;85;NC-17
284;ENEMY ODDS;A Fanciful Panorama of a Mad Scientist And a Woman who must Pursue a Astronaut in Ancient India;2006;1;77;NC-17
285;ENGLISH BULWORTH;A Intrepid Epistle of a Pastry Chef And a Pastry Chef who must Pursue a Crocodile in Ancient China;2006;1;51;PG-13
289;EVE RESURRECTION;A Awe-Inspiring Yarn of a Pastry Chef And a Database Administrator who must Challenge a Teacher in A Baloon;2006;1;66;G
292;EXCITEMENT EVE;A Brilliant Documentary of a Monkey And a Car who must Conquer a Crocodile in A Shark Tank;2006;1;51;G
295;EXPENDABLE STALLION;A Amazing Character Study of a Mad Cow And a Squirrel who must Discover a Hunter in A U-Boat;2006;1;97;PG
303;FANTASY TROOPERS;A Touching Saga of a Teacher And a Monkey who must Overcome a Secret Agent in A MySQL Convention;2006;1;58;PG-13
305;FATAL HAUNTED;A Beautiful Drama of a Student And a Secret Agent who must Confront a Dentist in Ancient Japan;2006;1;91;PG
307;FELLOWSHIP AUTUMN;A Lacklusture Reflection of a Dentist And a Hunter who must Meet a Teacher in A Baloon;2006;1;77;NC-17
309;FEUD FROGMEN;A Brilliant Reflection of a Database Administrator And a Mad Cow who must Chase a Woman in The Canadian Rockies;2006;1;98;R
311;FICTION CHRISTMAS;A Emotional Yarn of a A Shark And a Student who must Battle a Robot in An Abandoned Mine Shaft;2006;1;72;PG
312;FIDDLER LOST;A Boring Tale of a Squirrel And a Dog who must Challenge a Madman in The Gulf of Mexico;2006;1;75;R
314;FIGHT JAWBREAKER;A Intrepid Panorama of a Womanizer And a Girl who must Escape a Girl in A Manhattan Penthouse;2006;1;91;R
320;FLAMINGOS CONNECTICUT;A Fast-Paced Reflection of a Composer And a Composer who must Meet a Cat in The Sahara Desert;2006;1;80;PG-13
326;FLYING HOOK;A Thrilling Display of a Mad Cow And a Dog who must Challenge a Frisbee in Nigeria;2006;1;69;NC-17
329;FORREST SONS;A Thrilling Documentary of a Forensic Psychologist And a Butler who must Defeat a Explorer in A Jet Boat;2006;1;63;R
331;FORWARD TEMPLE;A Astounding Display of a Forensic Psychologist And a Mad Scientist who must Challenge a Girl in New Orleans;2006;1;90;NC-17
334;FREDDY STORM;A Intrepid Saga of a Man And a Lumberjack who must Vanquish a Husband in The Outback;2006;1;65;NC-17
336;FRENCH HOLIDAY;A Thrilling Epistle of a Dog And a Feminist who must Kill a Madman in Berlin;2006;1;99;PG
337;FRIDA SLIPPER;A Fateful Story of a Lumberjack And a Car who must Escape a Boat in An Abandoned Mine Shaft;2006;1;73;R
338;FRISCO FORREST;A Beautiful Documentary of a Woman And a Pioneer who must Pursue a Mad Scientist in A Shark Tank;2006;1;51;PG
341;FROST HEAD;A Amazing Reflection of a Lumberjack And a Cat who must Discover a Husband in A MySQL Convention;2006;1;82;PG
342;FUGITIVE MAGUIRE;A Taut Epistle of a Feminist And a Sumo Wrestler who must Battle a Crocodile in Australia;2006;1;83;R
343;FULL FLATLINERS;A Beautiful Documentary of a Astronaut And a Moose who must Pursue a Monkey in A Shark Tank;2006;1;94;PG
348;GANDHI KWAI;A Thoughtful Display of a Mad Scientist And a Secret Agent who must Chase a Boat in Berlin;2006;1;86;PG-13
350;GARDEN ISLAND;A Unbelieveable Character Study of a Womanizer And a Madman who must Reach a Man in The Outback;2006;1;80;G
354;GHOST GROUNDHOG;A Brilliant Panorama of a Madman And a Composer who must Succumb a Car in Ancient India;2006;1;85;G
361;GLEAMING JAWBREAKER;A Amazing Display of a Composer And a Forensic Psychologist who must Discover a Car in The Canadian Rockies;2006;1;89;NC-17
363;GO PURPLE;A Fast-Paced Display of a Car And a Database Administrator who must Battle a Woman in A Baloon;2006;1;54;R
364;GODFATHER DIARY;A Stunning Saga of a Lumberjack And a Squirrel who must Chase a Car in The Outback;2006;1;73;NC-17
366;GOLDFINGER SENSIBILITY;A Insightful Drama of a Mad Scientist And a Hunter who must Defeat a Pastry Chef in New Orleans;2006;1;93;G
368;GONE TROUBLE;A Insightful Character Study of a Mad Cow And a Forensic Psychologist who must Conquer a A Shark in A Manhattan Penthouse;2006;1;84;R
369;GOODFELLAS SALUTE;A Unbelieveable Tale of a Dog And a Explorer who must Sink a Mad Cow in A Baloon Factory;2006;1;56;PG
375;GRAIL FRANKENSTEIN;A Unbelieveable Saga of a Teacher And a Monkey who must Fight a Girl in An Abandoned Mine Shaft;2006;1;85;NC-17
378;GREATEST NORTH;A Astounding Character Study of a Secret Agent And a Robot who must Build a A Shark in Berlin;2006;1;93;NC-17
384;GROSSE WONDERFUL;A Epic Drama of a Cat And a Explorer who must Redeem a Moose in Australia;2006;1;49;R
386;GUMP DATE;A Intrepid Yarn of a Explorer And a Student who must Kill a Husband in An Abandoned Mine Shaft;2006;1;53;NC-17
388;GUNFIGHT MOON;A Epic Reflection of a Pastry Chef And a Explorer who must Reach a Dentist in The Sahara Desert;2006;1;70;NC-17
390;GUYS FALCON;A Boring Story of a Woman And a Feminist who must Redeem a Squirrel in A U-Boat;2006;1;84;R
392;HALL CASSIDY;A Beautiful Panorama of a Pastry Chef And a A Shark who must Battle a Pioneer in Soviet Georgia;2006;1;51;NC-17
393;HALLOWEEN NUTS;A Amazing Panorama of a Forensic Psychologist And a Technical Writer who must Fight a Dentist in A U-Boat;2006;1;47;PG-13
396;HANGING DEEP;A Action-Packed Yarn of a Boat And a Crocodile who must Build a Monkey in Berlin;2006;1;62;G
398;HANOVER GALAXY;A Stunning Reflection of a Girl And a Secret Agent who must Succumb a Boy in A MySQL Convention;2006;1;47;NC-17
400;HARDLY ROBBERS;A Emotional Character Study of a Hunter And a Car who must Kill a Woman in Berlin;2006;1;72;R
402;HARPER DYING;A Awe-Inspiring Reflection of a Woman And a Cat who must Confront a Feminist in The Sahara Desert;2006;1;52;G
405;HAUNTED ANTITRUST;A Amazing Saga of a Man And a Dentist who must Reach a Technical Writer in Ancient India;2006;1;76;NC-17
407;HAWK CHILL;A Action-Packed Drama of a Mad Scientist And a Composer who must Outgun a Car in Australia;2006;1;47;PG-13
408;HEAD STRANGER;A Thoughtful Saga of a Hunter And a Crocodile who must Confront a Dog in The Gulf of Mexico;2006;1;69;R
409;HEARTBREAKERS BRIGHT;A Awe-Inspiring Documentary of a A Shark And a Dentist who must Outrace a Pastry Chef in The Canadian Rockies;2006;1;59;G
410;HEAVEN FREEDOM;A Intrepid Story of a Butler And a Car who must Vanquish a Man in New Orleans;2006;1;48;PG
411;HEAVENLY GUN;A Beautiful Yarn of a Forensic Psychologist And a Frisbee who must Battle a Moose in A Jet Boat;2006;1;49;NC-17
414;HELLFIGHTERS SIERRA;A Taut Reflection of a A Shark And a Dentist who must Battle a Boat in Soviet Georgia;2006;1;75;PG
415;HIGH ENCINO;A Fateful Saga of a Waitress And a Hunter who must Outrace a Sumo Wrestler in Australia;2006;1;84;R
417;HILLS NEIGHBORS;A Epic Display of a Hunter And a Feminist who must Sink a Car in A U-Boat;2006;1;93;G
421;HOLIDAY GAMES;A Insightful Reflection of a Waitress And a Madman who must Pursue a Boy in Ancient Japan;2006;1;78;PG-13
423;HOLLYWOOD ANONYMOUS;A Fast-Paced Epistle of a Boy And a Explorer who must Escape a Dog in A U-Boat;2006;1;69;PG
425;HOLY TADPOLE;A Action-Packed Display of a Feminist And a Pioneer who must Pursue a Dog in A Baloon Factory;2006;1;88;R
429;HONEY TIES;A Taut Story of a Waitress And a Crocodile who must Outrace a Lumberjack in A Shark Tank;2006;1;84;R
430;HOOK CHARIOTS;A Insightful Story of a Boy And a Dog who must Redeem a Boy in Australia;2006;1;49;G
433;HORN WORKING;A Stunning Display of a Mad Scientist And a Technical Writer who must Succumb a Monkey in A Shark Tank;2006;1;95;PG
438;HUMAN GRAFFITI;A Beautiful Reflection of a Womanizer And a Sumo Wrestler who must Chase a Database Administrator in The Gulf of Mexico;2006;1;68;NC-17
442;HUNTING MUSKETEERS;A Thrilling Reflection of a Pioneer And a Dentist who must Outrace a Womanizer in An Abandoned Mine Shaft;2006;1;65;NC-17
443;HURRICANE AFFAIR;A Lacklusture Epistle of a Database Administrator And a Woman who must Meet a Hunter in An Abandoned Mine Shaft;2006;1;49;PG
444;HUSTLER PARTY;A Emotional Reflection of a Sumo Wrestler And a Monkey who must Conquer a Robot in The Sahara Desert;2006;1;83;NC-17
450;IDOLS SNATCHERS;A Insightful Drama of a Car And a Composer who must Fight a Man in A Monastery;2006;1;84;NC-17
459;INFORMER DOUBLE;A Action-Packed Display of a Woman And a Dentist who must Redeem a Forensic Psychologist in The Canadian Rockies;2006;1;74;NC-17
462;INSIDER ARIZONA;A Astounding Saga of a Mad Scientist And a Hunter who must Pursue a Robot in A Baloon Factory;2006;1;78;NC-17
465;INTERVIEW LIAISONS;A Action-Packed Reflection of a Student And a Butler who must Discover a Database Administrator in A Manhattan Penthouse;2006;1;59;R
466;INTOLERABLE INTENTIONS;A Awe-Inspiring Story of a Monkey And a Pastry Chef who must Succumb a Womanizer in A MySQL Convention;2006;1;63;PG-13
468;INVASION CYCLONE;A Lacklusture Character Study of a Mad Scientist And a Womanizer who must Outrace a Explorer in A Monastery;2006;1;97;PG
469;IRON MOON;A Fast-Paced Documentary of a Mad Cow And a Boy who must Pursue a Dentist in A Baloon;2006;1;46;PG
470;ISHTAR ROCKETEER;A Astounding Saga of a Dog And a Squirrel who must Conquer a Dog in An Abandoned Fun House;2006;1;79;R
471;ISLAND EXORCIST;A Fanciful Panorama of a Technical Writer And a Boy who must Find a Dentist in An Abandoned Fun House;2006;1;84;NC-17
480;JEEPERS WEDDING;A Astounding Display of a Composer And a Dog who must Kill a Pastry Chef in Soviet Georgia;2006;1;84;R
481;JEKYLL FROGMEN;A Fanciful Epistle of a Student And a Astronaut who must Kill a Waitress in A Shark Tank;2006;1;58;PG
485;JERSEY SASSY;A Lacklusture Documentary of a Madman And a Mad Cow who must Find a Feminist in Ancient Japan;2006;1;60;PG
486;JET NEIGHBORS;A Amazing Display of a Lumberjack And a Teacher who must Outrace a Woman in A U-Boat;2006;1;59;R
489;JUGGLER HARDLY;A Epic Story of a Mad Cow And a Astronaut who must Challenge a Car in California;2006;1;54;PG-13
491;JUMPING WRATH;A Touching Epistle of a Monkey And a Feminist who must Discover a Boat in Berlin;2006;1;74;NC-17
493;KANE EXORCIST;A Epic Documentary of a Composer And a Robot who must Overcome a Car in Berlin;2006;1;92;R
497;KILL BROTHERHOOD;A Touching Display of a Hunter And a Secret Agent who must Redeem a Husband in The Outback;2006;1;54;G
502;KNOCK WARLOCK;A Unbelieveable Story of a Teacher And a Boat who must Confront a Moose in A Baloon;2006;1;71;PG-13
504;KWAI HOMEWARD;A Amazing Drama of a Car And a Squirrel who must Pursue a Car in Soviet Georgia;2006;1;46;PG-13
505;LABYRINTH LEAGUE;A Awe-Inspiring Saga of a Composer And a Frisbee who must Succumb a Pioneer in The Sahara Desert;2006;1;46;PG-13
506;LADY STAGE;A Beautiful Character Study of a Woman And a Man who must Pursue a Explorer in A U-Boat;2006;1;67;PG
509;LANGUAGE COWBOY;A Epic Yarn of a Cat And a Madman who must Vanquish a Dentist in An Abandoned Amusement Park;2006;1;78;NC-17
514;LEBOWSKI SOLDIERS;A Beautiful Epistle of a Secret Agent And a Pioneer who must Chase a Astronaut in Ancient China;2006;1;69;PG-13
516;LEGEND JEDI;A Awe-Inspiring Epistle of a Pioneer And a Student who must Outgun a Crocodile in The Outback;2006;1;59;PG
520;LICENSE WEEKEND;A Insightful Story of a Man And a Husband who must Overcome a Madman in A Monastery;2006;1;91;NC-17
524;LION UNCUT;A Intrepid Display of a Pastry Chef And a Cat who must Kill a A Shark in Ancient China;2006;1;50;PG
527;LOLA AGENT;A Astounding Tale of a Mad Scientist And a Husband who must Redeem a Database Administrator in Ancient Japan;2006;1;85;PG
529;LONELY ELEPHANT;A Intrepid Story of a Student And a Dog who must Challenge a Explorer in Soviet Georgia;2006;1;67;G
532;LOSER HUSTLER;A Stunning Drama of a Robot And a Feminist who must Outgun a Butler in Nigeria;2006;1;80;PG
533;LOST BIRD;A Emotional Character Study of a Robot And a A Shark who must Defeat a Technical Writer in A Manhattan Penthouse;2006;1;98;PG-13
534;LOUISIANA HARRY;A Lacklusture Drama of a Girl And a Technical Writer who must Redeem a Monkey in A Shark Tank;2006;1;70;PG-13
536;LOVELY JINGLE;A Fanciful Yarn of a Crocodile And a Forensic Psychologist who must Discover a Crocodile in The Outback;2006;1;65;PG
537;LOVER TRUMAN;A Emotional Yarn of a Robot And a Boy who must Outgun a Technical Writer in A U-Boat;2006;1;75;G
540;LUCKY FLYING;A Lacklusture Character Study of a A Shark And a Man who must Find a Forensic Psychologist in A U-Boat;2006;1;97;PG-13
541;LUKE MUMMY;A Taut Character Study of a Boy And a Robot who must Redeem a Mad Scientist in Ancient India;2006;1;74;NC-17
542;LUST LOCK;A Fanciful Panorama of a Hunter And a Dentist who must Meet a Secret Agent in The Sahara Desert;2006;1;52;G
546;MADRE GABLES;A Intrepid Panorama of a Sumo Wrestler And a Forensic Psychologist who must Discover a Moose in The First Manned Space Station;2006;1;98;PG-13
548;MAGNIFICENT CHITTY;A Insightful Story of a Teacher And a Hunter who must Face a Mad Cow in California;2006;1;53;R
550;MAGUIRE APACHE;A Fast-Paced Reflection of a Waitress And a Hunter who must Defeat a Forensic Psychologist in A Baloon;2006;1;74;NC-17
558;MANNEQUIN WORST;A Astounding Saga of a Mad Cow And a Pastry Chef who must Discover a Husband in Ancient India;2006;1;71;PG-13
560;MARS ROMAN;A Boring Drama of a Car And a Dog who must Succumb a Madman in Soviet Georgia;2006;1;62;NC-17
565;MATRIX SNOWMAN;A Action-Packed Saga of a Womanizer And a Woman who must Overcome a Student in California;2006;1;56;PG-13
566;MAUDE MOD;A Beautiful Documentary of a Forensic Psychologist And a Cat who must Reach a Astronaut in Nigeria;2006;1;72;R
567;MEET CHOCOLATE;A Boring Documentary of a Dentist And a Butler who must Confront a Monkey in A MySQL Convention;2006;1;80;G
568;MEMENTO ZOOLANDER;A Touching Epistle of a Squirrel And a Explorer who must Redeem a Pastry Chef in The Sahara Desert;2006;1;77;NC-17
572;METROPOLIS COMA;A Emotional Saga of a Database Administrator And a Pastry Chef who must Confront a Teacher in A Baloon Factory;2006;1;64;PG-13
574;MIDNIGHT WESTWARD;A Taut Reflection of a Husband And a A Shark who must Redeem a Pastry Chef in A Monastery;2006;1;86;G
575;MIDSUMMER GROUNDHOG;A Fateful Panorama of a Moose And a Dog who must Chase a Crocodile in Ancient Japan;2006;1;48;G
577;MILE MULAN;A Lacklusture Epistle of a Cat And a Husband who must Confront a Boy in A MySQL Convention;2006;1;64;PG
581;MINORITY KISS;A Insightful Display of a Lumberjack And a Sumo Wrestler who must Meet a Man in The Outback;2006;1;59;G
586;MOCKINGBIRD HOLLYWOOD;A Thoughtful Panorama of a Man And a Car who must Sink a Composer in Berlin;2006;1;60;PG
587;MOD SECRETARY;A Boring Documentary of a Mad Cow And a Cat who must Build a Lumberjack in New Orleans;2006;1;77;NC-17
589;MODERN DORADO;A Awe-Inspiring Story of a Butler And a Sumo Wrestler who must Redeem a Boy in New Orleans;2006;1;74;PG
595;MOON BUNCH;A Beautiful Tale of a Astronaut And a Mad Cow who must Challenge a Cat in A Baloon Factory;2006;1;83;PG
598;MOSQUITO ARMAGEDDON;A Thoughtful Character Study of a Waitress And a Feminist who must Build a Teacher in Ancient Japan;2006;1;57;G
601;MOULIN WAKE;A Astounding Story of a Forensic Psychologist And a Cat who must Battle a Teacher in An Abandoned Mine Shaft;2006;1;79;PG-13
603;MOVIE SHAKESPEARE;A Insightful Display of a Database Administrator And a Student who must Build a Hunter in Berlin;2006;1;53;PG
607;MUPPET MILE;A Lacklusture Story of a Madman And a Teacher who must Kill a Frisbee in The Gulf of Mexico;2006;1;50;PG
611;MUSKETEERS WAIT;A Touching Yarn of a Student And a Moose who must Fight a Mad Cow in Australia;2006;1;73;PG
613;MYSTIC TRUMAN;A Epic Yarn of a Teacher And a Hunter who must Outgun a Explorer in Soviet Georgia;2006;1;92;NC-17
616;NATIONAL STORY;A Taut Epistle of a Mad Scientist And a Girl who must Escape a Monkey in California;2006;1;92;NC-17
617;NATURAL STOCK;A Fast-Paced Story of a Sumo Wrestler And a Girl who must Defeat a Car in A Baloon Factory;2006;1;50;PG-13
621;NETWORK PEAK;A Unbelieveable Reflection of a Butler And a Boat who must Outgun a Mad Scientist in California;2006;1;75;PG-13
623;NEWTON LABYRINTH;A Intrepid Character Study of a Moose And a Waitress who must Find a A Shark in Ancient India;2006;1;75;PG
625;NONE SPIKING;A Boring Reflection of a Secret Agent And a Astronaut who must Face a Composer in A Manhattan Penthouse;2006;1;83;NC-17
626;NOON PAPI;A Unbelieveable Character Study of a Mad Scientist And a Astronaut who must Find a Pioneer in A Manhattan Penthouse;2006;1;57;G
627;NORTH TEQUILA;A Beautiful Character Study of a Mad Cow And a Robot who must Reach a Womanizer in New Orleans;2006;1;67;NC-17
630;NOTTING SPEAKEASY;A Thoughtful Display of a Butler And a Womanizer who must Find a Waitress in The Canadian Rockies;2006;1;48;PG-13
631;NOVOCAINE FLIGHT;A Fanciful Display of a Student And a Teacher who must Outgun a Crocodile in Nigeria;2006;1;64;G
633;OCTOBER SUBMARINE;A Taut Epistle of a Monkey And a Boy who must Confront a Husband in A Jet Boat;2006;1;54;PG-13
634;ODDS BOOGIE;A Thrilling Yarn of a Feminist And a Madman who must Battle a Hunter in Berlin;2006;1;48;NC-17
635;OKLAHOMA JUMANJI;A Thoughtful Drama of a Dentist And a Womanizer who must Meet a Husband in The Sahara Desert;2006;1;58;PG
639;OPPOSITE NECKLACE;A Fateful Epistle of a Crocodile And a Moose who must Kill a Explorer in Nigeria;2006;1;92;PG
641;ORANGE GRAPES;A Astounding Documentary of a Butler And a Womanizer who must Face a Dog in A U-Boat;2006;1;76;PG-13
649;OZ LIAISONS;A Epic Yarn of a Mad Scientist And a Cat who must Confront a Womanizer in A Baloon Factory;2006;1;85;R
651;PACKER MADIGAN;A Epic Display of a Sumo Wrestler And a Forensic Psychologist who must Build a Woman in An Abandoned Amusement Park;2006;1;84;PG-13
654;PANKY SUBMARINE;A Touching Documentary of a Dentist And a Sumo Wrestler who must Overcome a Boy in The Gulf of Mexico;2006;1;93;G
657;PARADISE SABRINA;A Intrepid Yarn of a Car And a Moose who must Outrace a Crocodile in A Manhattan Penthouse;2006;1;48;PG-13
663;PATIENT SISTER;A Emotional Epistle of a Squirrel And a Robot who must Confront a Lumberjack in Soviet Georgia;2006;1;99;NC-17
664;PATRIOT ROMAN;A Taut Saga of a Robot And a Database Administrator who must Challenge a Astronaut in California;2006;1;65;PG
668;PEAK FOREVER;A Insightful Reflection of a Boat And a Secret Agent who must Vanquish a Astronaut in An Abandoned Mine Shaft;2006;1;80;PG
669;PEARL DESTINY;A Lacklusture Yarn of a Astronaut And a Pastry Chef who must Sink a Dog in A U-Boat;2006;1;74;NC-17
670;PELICAN COMFORTS;A Epic Documentary of a Boy And a Monkey who must Pursue a Astronaut in Berlin;2006;1;48;PG
671;PERDITION FARGO;A Fast-Paced Story of a Car And a Cat who must Outgun a Hunter in Berlin;2006;1;99;NC-17
672;PERFECT GROOVE;A Thrilling Yarn of a Dog And a Dog who must Build a Husband in A Baloon;2006;1;82;PG-13
674;PET HAUNTING;A Unbelieveable Reflection of a Explorer And a Boat who must Conquer a Woman in California;2006;1;99;PG
675;PHANTOM GLORY;A Beautiful Documentary of a Astronaut And a Crocodile who must Discover a Madman in A Monastery;2006;1;60;NC-17
678;PICKUP DRIVING;A Touching Documentary of a Husband And a Boat who must Meet a Pastry Chef in A Baloon Factory;2006;1;77;G
679;PILOT HOOSIERS;A Awe-Inspiring Reflection of a Crocodile And a Sumo Wrestler who must Meet a Forensic Psychologist in An Abandoned Mine Shaft;2006;1;50;PG
683;PITY BOUND;A Boring Panorama of a Feminist And a Moose who must Defeat a Database Administrator in Nigeria;2006;1;60;NC-17
686;PLUTO OLEANDER;A Action-Packed Reflection of a Car And a Moose who must Outgun a Car in A Shark Tank;2006;1;84;R
688;POLISH BROOKLYN;A Boring Character Study of a Database Administrator And a Lumberjack who must Reach a Madman in The Outback;2006;1;61;PG
694;PREJUDICE OLEANDER;A Epic Saga of a Boy And a Dentist who must Outrace a Madman in A U-Boat;2006;1;98;PG-13
697;PRIMARY GLASS;A Fateful Documentary of a Pastry Chef And a Butler who must Build a Dog in The Canadian Rockies;2006;1;53;G
698;PRINCESS GIANT;A Thrilling Yarn of a Pastry Chef And a Monkey who must Battle a Monkey in A Shark Tank;2006;1;71;NC-17
702;PULP BEVERLY;A Unbelieveable Display of a Dog And a Crocodile who must Outrace a Man in Nigeria;2006;1;89;G
705;PURPLE MOVIE;A Boring Display of a Pastry Chef And a Sumo Wrestler who must Discover a Frisbee in An Abandoned Amusement Park;2006;1;88;R
712;RAIDERS ANTITRUST;A Amazing Drama of a Teacher And a Feminist who must Meet a Woman in The First Manned Space Station;2006;1;82;PG-13
713;RAINBOW SHOCK;A Action-Packed Story of a Hunter And a Boy who must Discover a Lumberjack in Ancient India;2006;1;74;PG
714;RANDOM GO;A Fateful Drama of a Frisbee And a Student who must Confront a Cat in A Shark Tank;2006;1;73;NC-17
717;REAR TRADING;A Awe-Inspiring Reflection of a Forensic Psychologist And a Secret Agent who must Succumb a Pastry Chef in Soviet Georgia;2006;1;97;NC-17
718;REBEL AIRPORT;A Intrepid Yarn of a Database Administrator And a Boat who must Outrace a Husband in Ancient India;2006;1;73;G
723;REIGN GENTLEMEN;A Emotional Yarn of a Composer And a Man who must Escape a Butler in The Gulf of Mexico;2006;1;82;PG-13
726;RESERVOIR ADAPTATION;A Intrepid Drama of a Teacher And a Moose who must Kill a Car in California;2006;1;61;PG-13
728;REUNION WITCHES;A Unbelieveable Documentary of a Database Administrator And a Frisbee who must Redeem a Mad Scientist in A Baloon Factory;2006;1;63;R
730;RIDGEMONT SUBMARINE;A Unbelieveable Drama of a Waitress And a Composer who must Sink a Mad Cow in Ancient Japan;2006;1;46;PG-13
732;RINGS HEARTBREAKERS;A Amazing Yarn of a Sumo Wrestler And a Boat who must Conquer a Waitress in New Orleans;2006;1;58;G
741;ROMAN PUNK;A Thoughtful Panorama of a Mad Cow And a Student who must Battle a Forensic Psychologist in Berlin;2006;1;81;NC-17
743;ROOM ROMAN;A Awe-Inspiring Panorama of a Composer And a Secret Agent who must Sink a Composer in A Shark Tank;2006;1;60;PG
744;ROOTS REMEMBER;A Brilliant Drama of a Mad Cow And a Hunter who must Escape a Hunter in Berlin;2006;1;89;PG-13
753;RUSH GOODFELLAS;A Emotional Display of a Man And a Dentist who must Challenge a Squirrel in Australia;2006;1;48;PG
755;SABRINA MIDNIGHT;A Emotional Story of a Squirrel And a Crocodile who must Succumb a Husband in The Sahara Desert;2006;1;99;PG
756;SADDLE ANTITRUST;A Stunning Epistle of a Feminist And a A Shark who must Battle a Woman in An Abandoned Fun House;2006;1;80;PG-13
759;SALUTE APOLLO;A Awe-Inspiring Character Study of a Boy And a Feminist who must Sink a Crocodile in Ancient China;2006;1;73;R
763;SATISFACTION CONFIDENTIAL;A Lacklusture Yarn of a Dentist And a Butler who must Meet a Secret Agent in Ancient China;2006;1;75;G
766;SAVANNAH TOWN;A Awe-Inspiring Tale of a Astronaut And a Database Administrator who must Chase a Secret Agent in The Gulf of Mexico;2006;1;84;PG-13
772;SEA VIRGIN;A Fast-Paced Documentary of a Technical Writer And a Pastry Chef who must Escape a Moose in A U-Boat;2006;1;80;PG
776;SECRET GROUNDHOG;A Astounding Story of a Cat And a Database Administrator who must Build a Technical Writer in New Orleans;2006;1;90;PG
779;SENSE GREEK;A Taut Saga of a Lumberjack And a Pastry Chef who must Escape a Sumo Wrestler in An Abandoned Fun House;2006;1;54;R
780;SENSIBILITY REAR;A Emotional Tale of a Robot And a Sumo Wrestler who must Redeem a Pastry Chef in A Baloon Factory;2006;1;98;PG
782;SHAKESPEARE SADDLE;A Fast-Paced Panorama of a Lumberjack And a Database Administrator who must Defeat a Madman in A MySQL Convention;2006;1;60;PG-13
783;SHANE DARKNESS;A Action-Packed Saga of a Moose And a Lumberjack who must Find a Woman in Berlin;2006;1;93;PG
784;SHANGHAI TYCOON;A Fast-Paced Character Study of a Crocodile And a Lumberjack who must Build a Husband in An Abandoned Fun House;2006;1;47;PG
785;SHAWSHANK BUBBLE;A Lacklusture Story of a Moose And a Monkey who must Confront a Butler in An Abandoned Amusement Park;2006;1;80;PG
789;SHOCK CABIN;A Fateful Tale of a Mad Cow And a Crocodile who must Meet a Husband in New Orleans;2006;1;79;PG-13
790;SHOOTIST SUPERFLY;A Fast-Paced Story of a Crocodile And a A Shark who must Sink a Pioneer in Berlin;2006;1;67;PG-13
794;SIDE ARK;A Stunning Panorama of a Crocodile And a Womanizer who must Meet a Feminist in The Canadian Rockies;2006;1;52;G
797;SILENCE KANE;A Emotional Drama of a Sumo Wrestler And a Dentist who must Confront a Sumo Wrestler in A Baloon;2006;1;67;R
798;SILVERADO GOLDFINGER;A Stunning Epistle of a Sumo Wrestler And a Man who must Challenge a Waitress in Ancient India;2006;1;74;PG
799;SIMON NORTH;A Thrilling Documentary of a Technical Writer And a A Shark who must Face a Pioneer in A Shark Tank;2006;1;51;NC-17
805;SLEEPLESS MONSOON;A Amazing Saga of a Moose And a Pastry Chef who must Escape a Butler in Australia;2006;1;64;G
807;SLEUTH ORIENT;A Fateful Character Study of a Husband And a Dog who must Find a Feminist in Ancient India;2006;1;87;NC-17
808;SLING LUKE;A Intrepid Character Study of a Robot And a Monkey who must Reach a Secret Agent in An Abandoned Amusement Park;2006;1;84;R
811;SMILE EARRING;A Intrepid Drama of a Teacher And a Butler who must Build a Pastry Chef in Berlin;2006;1;60;G
812;SMOKING BARBARELLA;A Lacklusture Saga of a Mad Cow And a Mad Scientist who must Sink a Cat in A MySQL Convention;2006;1;50;PG-13
815;SNATCHERS MONTEZUMA;A Boring Epistle of a Sumo Wrestler And a Woman who must Escape a Man in The Canadian Rockies;2006;1;74;PG-13
816;SNOWMAN ROLLERCOASTER;A Fateful Display of a Lumberjack And a Girl who must Succumb a Mad Cow in A Manhattan Penthouse;2006;1;62;G
824;SPARTACUS CHEAPER;A Thrilling Panorama of a Pastry Chef And a Secret Agent who must Overcome a Student in A Manhattan Penthouse;2006;1;52;NC-17
828;SPIKING ELEMENT;A Lacklusture Epistle of a Dentist And a Technical Writer who must Find a Dog in A Monastery;2006;1;79;G
837;STAGE WORLD;A Lacklusture Panorama of a Woman And a Frisbee who must Chase a Crocodile in A Jet Boat;2006;1;85;PG
840;STAMPEDE DISTURBING;A Unbelieveable Tale of a Woman And a Lumberjack who must Fight a Frisbee in A U-Boat;2006;1;75;R
845;STEPMOM DREAM;A Touching Epistle of a Crocodile And a Teacher who must Build a Forensic Psychologist in A MySQL Convention;2006;1;48;NC-17
846;STING PERSONAL;A Fanciful Drama of a Frisbee And a Dog who must Fight a Madman in A Jet Boat;2006;1;93;NC-17
848;STONE FIRE;A Intrepid Drama of a Astronaut And a Crocodile who must Find a Boat in Soviet Georgia;2006;1;94;G
849;STORM HAPPINESS;A Insightful Drama of a Feminist And a A Shark who must Vanquish a Boat in A Shark Tank;2006;1;57;NC-17
856;STREETCAR INTENTIONS;A Insightful Character Study of a Waitress And a Crocodile who must Sink a Waitress in The Gulf of Mexico;2006;1;73;R
860;SUICIDES SILENCE;A Emotional Character Study of a Car And a Girl who must Face a Composer in A U-Boat;2006;1;93;G
862;SUMMER SCARFACE;A Emotional Panorama of a Lumberjack And a Hunter who must Meet a Girl in A Shark Tank;2006;1;53;G
864;SUNDANCE INVASION;A Epic Drama of a Lumberjack And a Explorer who must Confront a Hunter in A Baloon Factory;2006;1;92;NC-17
866;SUNSET RACER;A Awe-Inspiring Reflection of a Astronaut And a A Shark who must Defeat a Forensic Psychologist in California;2006;1;48;NC-17
867;SUPER WYOMING;A Action-Packed Saga of a Pastry Chef And a Explorer who must Discover a A Shark in The Outback;2006;1;58;PG
869;SUSPECTS QUILLS;A Emotional Epistle of a Pioneer And a Crocodile who must Battle a Man in A Manhattan Penthouse;2006;1;47;PG
876;TARZAN VIDEOTAPE;A Fast-Paced Display of a Lumberjack And a Mad Scientist who must Succumb a Sumo Wrestler in The Sahara Desert;2006;1;91;PG-13
877;TAXI KICK;A Amazing Epistle of a Girl And a Woman who must Outrace a Waitress in Soviet Georgia;2006;1;64;PG-13
878;TEEN APOLLO;A Awe-Inspiring Drama of a Dog And a Man who must Escape a Robot in A Shark Tank;2006;1;74;G
881;TEMPLE ATTRACTION;A Action-Packed Saga of a Forensic Psychologist And a Woman who must Battle a Womanizer in Soviet Georgia;2006;1;71;PG
882;TENENBAUMS COMMAND;A Taut Display of a Pioneer And a Man who must Reach a Girl in The Gulf of Mexico;2006;1;99;PG-13
883;TEQUILA PAST;A Action-Packed Panorama of a Mad Scientist And a Robot who must Challenge a Student in Nigeria;2006;1;53;PG
884;TERMINATOR CLUB;A Touching Story of a Crocodile And a Girl who must Sink a Man in The Gulf of Mexico;2006;1;88;R
888;THIN SAGEBRUSH;A Emotional Drama of a Husband And a Lumberjack who must Build a Cat in Ancient India;2006;1;53;PG-13
891;TIMBERLAND SKY;A Boring Display of a Man And a Dog who must Redeem a Girl in A U-Boat;2006;1;69;G
893;TITANS JERK;A Unbelieveable Panorama of a Feminist And a Sumo Wrestler who must Challenge a Technical Writer in Ancient China;2006;1;91;PG
894;TOMATOES HELLFIGHTERS;A Thoughtful Epistle of a Madman And a Astronaut who must Overcome a Monkey in A Shark Tank;2006;1;68;PG
904;TRAIN BUNCH;A Thrilling Character Study of a Robot And a Squirrel who must Face a Dog in Ancient India;2006;1;71;R
910;TREATMENT JEKYLL;A Boring Story of a Teacher And a Student who must Outgun a Cat in An Abandoned Mine Shaft;2006;1;87;PG
911;TRIP NEWTON;A Fanciful Character Study of a Lumberjack And a Car who must Discover a Cat in An Abandoned Amusement Park;2006;1;64;PG-13
912;TROJAN TOMORROW;A Astounding Panorama of a Husband And a Sumo Wrestler who must Pursue a Boat in Ancient India;2006;1;52;PG
914;TROUBLE DATE;A Lacklusture Panorama of a Forensic Psychologist And a Woman who must Kill a Explorer in Ancient Japan;2006;1;61;PG
915;TRUMAN CRAZY;A Thrilling Epistle of a Moose And a Boy who must Meet a Database Administrator in A Monastery;2006;1;92;G
916;TURN STAR;A Stunning Tale of a Man And a Monkey who must Chase a Student in New Orleans;2006;1;80;G
919;TYCOON GATHERING;A Emotional Display of a Husband And a A Shark who must Succumb a Madman in A Manhattan Penthouse;2006;1;82;G
920;UNBREAKABLE KARATE;A Amazing Character Study of a Robot And a Student who must Chase a Robot in Australia;2006;1;62;G
923;UNFAITHFUL KILL;A Taut Documentary of a Waitress And a Mad Scientist who must Battle a Technical Writer in New Orleans;2006;1;78;R
928;UPTOWN YOUNG;A Fateful Documentary of a Dog And a Hunter who must Pursue a Teacher in An Abandoned Amusement Park;2006;1;84;PG
931;VALENTINE VANISHING;A Thrilling Display of a Husband And a Butler who must Reach a Pastry Chef in California;2006;1;48;PG-13
932;VALLEY PACKER;A Astounding Documentary of a Astronaut And a Boy who must Outrace a Sumo Wrestler in Berlin;2006;1;73;G
937;VARSITY TRIP;A Action-Packed Character Study of a Astronaut And a Explorer who must Reach a Monkey in A MySQL Convention;2006;1;85;NC-17
939;VERTIGO NORTHWEST;A Unbelieveable Display of a Mad Scientist And a Mad Scientist who must Outgun a Mad Cow in Ancient Japan;2006;1;90;R
940;VICTORY ACADEMY;A Insightful Epistle of a Mad Scientist And a Explorer who must Challenge a Cat in The Sahara Desert;2006;1;64;PG-13
943;VILLAIN DESPERATE;A Boring Yarn of a Pioneer And a Feminist who must Redeem a Cat in An Abandoned Amusement Park;2006;1;76;PG-13
947;VISION TORQUE;A Thoughtful Documentary of a Dog And a Man who must Sink a Man in A Shark Tank;2006;1;59;PG-13
951;VOYAGE LEGALLY;A Epic Tale of a Squirrel And a Hunter who must Conquer a Boy in An Abandoned Mine Shaft;2006;1;78;PG-13
954;WAKE JAWS;A Beautiful Saga of a Feminist And a Composer who must Challenge a Moose in Berlin;2006;1;73;G
957;WAR NOTTING;A Boring Drama of a Teacher And a Sumo Wrestler who must Challenge a Secret Agent in The Canadian Rockies;2006;1;80;G
959;WARLOCK WEREWOLF;A Astounding Yarn of a Pioneer And a Crocodile who must Defeat a A Shark in The Outback;2006;1;83;G
962;WASTELAND DIVINE;A Fanciful Story of a Database Administrator And a Womanizer who must Fight a Database Administrator in Ancient China;2006;1;85;PG
963;WATCH TRACY;A Fast-Paced Yarn of a Dog And a Frisbee who must Conquer a Hunter in Nigeria;2006;1;78;PG
964;WATERFRONT DELIVERANCE;A Unbelieveable Documentary of a Dentist And a Technical Writer who must Build a Womanizer in Nigeria;2006;1;61;G
966;WEDDING APOLLO;A Action-Packed Tale of a Student And a Waitress who must Conquer a Lumberjack in An Abandoned Mine Shaft;2006;1;70;PG
968;WEREWOLF LOLA;A Fanciful Story of a Man And a Sumo Wrestler who must Outrace a Student in A Monastery;2006;1;79;G
970;WESTWARD SEABISCUIT;A Lacklusture Tale of a Butler And a Husband who must Face a Boy in Ancient China;2006;1;52;NC-17
972;WHISPERER GIANT;A Intrepid Story of a Dentist And a Hunter who must Confront a Monkey in Ancient Japan;2006;1;59;PG-13
977;WINDOW SIDE;A Astounding Character Study of a Womanizer And a Hunter who must Escape a Robot in A Monastery;2006;1;85;R
978;WISDOM WORKER;A Unbelieveable Saga of a Forensic Psychologist And a Student who must Face a Squirrel in The First Manned Space Station;2006;1;98;R
980;WIZARD COLDBLOODED;A Lacklusture Display of a Robot And a Girl who must Defeat a Sumo Wrestler in A MySQL Convention;2006;1;75;PG
981;WOLVES DESIRE;A Fast-Paced Drama of a Squirrel And a Robot who must Succumb a Technical Writer in A Manhattan Penthouse;2006;1;55;NC-17
986;WONKA SEA;A Brilliant Saga of a Boat And a Mad Scientist who must Meet a Moose in Ancient India;2006;1;85;NC-17
989;WORKING MICROCOSMOS;A Stunning Epistle of a Dentist And a Dog who must Kill a Madman in Ancient China;2006;1;74;R
995;YENTL IDAHO;A Amazing Display of a Robot And a Astronaut who must Fight a Womanizer in Berlin;2006;1;86;R
1000;ZORRO ARK;A Intrepid Panorama of a Mad Scientist And a Boy who must Redeem a Boy in A Monastery;2006;1;50;NC-17
